canonical_id,address_string,google_lat,google_lon
1,"1000 Academy Drive, Morgantown, PA, 19543, USA",40.1917752,-75.915868
3,"20 Hobo Fork Rd., Natchez, MS, 39120, USA",31.5574938,-91.2217027
5,"109 South Maple Street, Graham, NC, 27253, USA",36.0683261,-79.40356709999999
6,"840, Albany, NY, 12211, USA",42.7068178,-73.7536695
7,"96 George Thompson Dr., Alexandria, LA, 71303, USA",31.31734179999999,-92.5361202
8,"4884 State Route 19, Belmont, NY, 14813, USA",42.2127932,-78.01657519999999
9,"417 S. Calhoun, Ft. Wayne, IN, 46802, USA",41.08328729999999,-85.13990869999999
10,"7340 Highway 26 West, Oberlin, LA, 70655, USA",30.624485,-92.783878
11,"1400 E. 4th Ave, Anchorage, AK, 99501, USA",61.2185041,-149.8573539
12,"600 E. Ordnance Road, Glen Burnie, MD, 21060, USA",39.19977069999999,-76.5940407
14,"20706 Us 90 W, Sanderson, FL, 32087, USA",30.214814,-82.372328
16,"1 Sheriff Office Drive, Macclenny, FL, 32063, USA",30.29596799999999,-82.1217298
17,"200 Hand Ave., Bay Minette, AL, 36507, USA",30.8852959,-87.774794
18,"6000 Woodlawn Boulevard, Aliquippa, PA, 15001, USA",40.6457985,-80.24205549999999
19,"2121 L Don Dodson Drive, Bedford, TX, 76021, USA",32.8420841,-97.131335000000007
20,"160 South River Street, Hackensack, NJ, 7601, USA",40.8739964,-74.03937470000001
22,"1040 Berks Rd, Leesport, PA, 19533, USA",40.3795474,-76.01592889999999
23,"1 Success Loop Dr., Berlin, NH, 03570, USA",44.5213004,-71.1360471
24,"6655 Gateway Blvd W., El Paso, TX, 79925, USA",31.7797922,-106.3932017
25,"400 2nd Street, Anson, TX, 79501, USA",32.7676451,-99.8880841
26,"3020 Conrad Lane, Burlington, KY, 41005, USA",39.035064,-84.72825
27,"2984 Old, Plain Dealing, LA, 71064, USA",32.8388766,-93.74603530000002
28,"Bourbon Co Courthouse, Main Street, Paris, KY, 40361, USA",38.2131205,-84.24984950000001
29,"945 N Temple Ave, Starke, FL, 32091, USA",29.9542788,-82.1085483
30,"400 Faunce Corner Road, North Dartmouth, MA, 2747, USA",41.66567149999999,-70.99593159999999
31,"100 29th Street, Brooklyn, NY, 11232, USA",40.6594911,-74.00328429999999
32,"901 County Road 201, Falfurrias, TX, 78355, USA",27.2482081,-98.1249164
34,"897 Front Street, Binghamton, NY, 13905, USA",42.1309207,-75.9136937
35,"555 SE 1st Avenue, Fort Lauderdale, FL, 33301, USA",26.1161559,-80.1424222
36,"3900 North Powerline Road, Pompano Beach, FL, 33073, USA",26.277322,-80.151133
38,"4250 Federal Drive, Batavia, NY, 14020, USA",43.0201451,-78.2023932
39,"4000 Apple Creek Road, Bismarck, ND, 58504, USA",46.79672799999999,-100.7270462
40,"Jail Administrator, Burnet, TX, 78611, USA",30.75823759999999,-98.2283585
41,"701 SE Stone Road, El Dorado, KS, 67042, USA",37.8120026,-96.8314151
42,"705 Hanover Street, Hamilton, OH, 45011, USA",39.3875859,-84.5557427
43,"30 Corban Avenue SE, Concord, NC, 28025, USA",35.4090546,-80.5782942
44,"50 West 200 North, Logan, UT, 84321, USA",41.7351513,-111.8361612
45,"280 West Main Street, Kingston, MO, 64650, USA",39.6421981,-94.046756
46,"185 East Michigan Avenue, Battle Creek, MI, 49014, USA",42.3166565,-85.1757947
48,"22844 Virginia Boulevard, California City, CA, 93505, USA",35.1511773,-117.8587989
50,"425 Manor Drive, Ebensburg, PA, 15931, USA",40.4845391,-78.7012046
52,"601 Central Ave, Newport, KY, 41071, USA",39.08908419999999,-84.4963222
53,"11093 S.w. Lewis Memorial Drive, Bowling Green, VA, 22427, USA",38.1116967,-77.26721069999999
54,"600 East Fourth St., Chaska, MN, 55318, USA",44.788815,-93.5929618
56,"3800 Ulm North Frontage Road, Great Falls, MT, 59404, USA",47.6408175,-111.5910066
57,"336 Main Street, Plattsmouth, NE, 68048, USA",41.0117281,-95.8829576
58,"499 Old Columbia Road, Harrisonburg, LA, 71430, USA",31.7755649,-91.8368181
59,"311 Athey Ave, San Diego, CA, 92154, USA",32.5650942,-117.0524063
60,"720 E, San Ysidro, CA, 92173, USA",32.5436666,-117.0297398
61,"1100 Bowling Road, Florence, AZ, 85232, USA",33.0433427,-111.3720644
63,"218 S. Laredo St, San Antonio, TX, 78207, USA",29.4234143,-98.4970774
64,"3841 Leeds Avenue, North Charleston, SC, 29405, USA",32.8460024,-80.01401620000001
66,"301 South Walnut Street, Cottonwood Falls, KS, 66845, USA",38.3678608,-96.5386769
67,"15 E. Chautauqua Street, Mayville, NY, 14757, USA",42.2544692,-79.503649
68,"3701 S. Atkinson, Roswell, NM, 88201, USA",33.3515168,-104.5043043
70,"325 Court Street, Sault Ste. Marie, MI, 49783, USA",46.4973719,-84.3455596
71,"7 Farrell Street, South Burlington, VT, 05403, USA",44.4464047,-73.2054397
72,"410 West 7th Street,, Hopkinsville, KY, 42240, USA",36.8682675,-87.490437
73,"110 West Elm, Ozark, MO, 65721, USA",37.0196035,-93.2054354
74,"2000 Cibola Loop, Milan, NM, 87021, USA",35.1799003,-107.907208
75,"P.o. Box 3540, Grants, NM, 87020, USA",35.14726,-107.8514466
76,"3700 S. Kings Hwy, Cushing, OK, 74023, USA",35.94228590000001,-96.7847659
77,"501 East Court Ave., Jeffersonville, IN, 47130, USA",38.277738,-85.73775429999999
79,"611 East Jackson Street, Brazil, IN, 47834, USA",39.5237009,-87.1190405
80,"58 Pine Mountain Rd., McElhattan, PA, 17748, USA",41.1508791,-77.3499399
82,"301 E Walnut Street, Frankfort, IN, 46041, USA",40.2792086,-86.50877799999999
83,"25 Mccarthy Drive, Plattsburgh, NY, 12901, USA",44.72054319999999,-73.4670063
84,"4909 Fm 2826, Robstown, TX, 78380, USA",27.7903032,-97.6688843
85,"1825 County Services Parkway, Marietta, GA, 30060, USA",33.9084065,-84.5809412
86,"3347 Tamiami Trail E, Naples, FL, 34112, USA",26.1296403,-81.7634135
87,"1940 Airway Blvd, El Paso, TX, 79925, USA",31.7952659,-106.402018
88,"3151 County Road 2425, Stryker, OH, 43557, USA",41.4586244,-84.35675069999999
89,"1725 1st Ave., Longview, WA, 98632, USA",46.1405685,-122.9197446
90,"313 Laurel St, Brainerd, MN, 56401, USA",46.3567043,-94.2053148
91,"50 County Way, Portland, ME, 04102, USA",43.6513147,-70.28180789999999
92,"1601 Broadway, Dakota City, NE, 68731, USA",42.4160837,-96.4198175
93,"111 West Commerce Street, Dallas, TX, 75202, USA",32.7780872,-96.8160791
94,"448 2nd Avenue North, Nashville, TN, 37210, USA",36.1683772,-86.7793245
95,"94 Grapevine Rd, Martinsburg, WV, 25401, USA",39.4359416,-77.95636999999999
96,"3337 Highway 144, Owensboro, KY, 42303, USA",37.7871208,-87.0702975
97,"800 West State Street, Farmington, UT, 84025, USA",40.9801077,-111.9045938
98,"2801 Jordan Road, Fort Payne, AL, 35968, USA",34.4181788,-85.7729963
100,"500 Chayney Road, Thornton, PA, 19373, USA",39.9020477,-75.5152955
101,"3130 Oakland St, Aurora, CO, 80010, USA",39.76134709999999,-104.8490165
102,"11901 E. 30th Ave, Aurora, CO, 80010, USA",39.7596321,-104.8491356
103,"203 Aspinal Ave. Po Box 3236, Hagatna, 96910, Guam",13.474307,144.7505229
105,"10250 Rancho Road, Adelanto, CA, 92301, USA",34.5592376,-117.4415063
106,"Route 2, Box 336, Watonga, OK, 73772, USA",35.8459755,-98.412496
108,"6920 Digital Rd, El Paso, TX, 79936, USA",31.7473943,-106.2840728
109,"215 West Central Street, Juneau, WI, 53039, USA",43.4084408,-88.7058622
110,"1850 Copper Loop, Las Cruces, NM, 88004, USA",32.3029629,-106.8056701
111,"829 Fieldcrest Road, Cambridge, MD, 21613, USA",38.5479445,-76.0584168
112,"220 Hodge Road, Summerville, SC, 29483, USA",33.057249,-80.221052
113,"1409 Hammond Avenue, Superior, WI, 54880, USA",46.72149479999999,-92.0982418
114,"710 South 17th St, Omaha, NE, 68102, USA",41.2530735,-95.9383692
115,"1300 TX-107, La Villa, TX, 78562, USA",26.2963533,-97.9178948
116,"446 Alta Rd, San Diego, CA, 92158, USA",32.5895269,-116.9196445
117,"702 E Broadway St, Eden, TX, 76837, USA",31.2166775,-99.8338127
118,"601 E. Overland, El Paso, TX, 79901, USA",31.7584731,-106.4831939
119,"8915 Montana Ave., El Paso, TX, 79925, USA",31.7942381,-106.3676273
120,"1800 Industrial Drive, Raymondville, TX, 78580, USA",26.470298,-97.7586475
121,"625 Evans Street, Elizabeth, NJ, 07201, USA",40.6660324,-74.1898667
122,"2255 E. 8th North, Mountain Home, ID, 83647, USA",43.1368404,-115.6731309
123,"1705 East Hanna Rd., Eloy, AZ, 85131, USA",32.8176183,-111.5200907
124,"Department Of Corrections 1618 Ash Street, Erie, PA, 16503, USA",42.123951,-80.06694809999999
125,"451 Doremus Avenue, Newark, NJ, 07105, USA",40.7181313,-74.12849729999999
127,"827 Forrest Avenue, Gadsden, AL, 35901, USA",34.0165766,-86.0123672
128,"1102 W., Euless, TX, 76040, USA",32.8290476,-97.1022044
129,"601 Mcdonough Boulevard, SE, Atlanta, GA, 30315, USA",33.7123589,-84.3685888
130,"700 Arch St., Philadelphia, PA, 19106, USA",39.9526835,-75.1521168
132,"600 Old Frankford Cr, Lexington, KY, 40510, USA",38.0654485,-84.5456706
133,"304 N. 9th Street, Garden City, KS, 67846, USA",37.9676572,-100.8759294
134,"3250 North Pinal Parkway, Florence, AZ, 85132, USA",33.0639575,-111.3794442
135,"3250 North Pinal Parkway, Florence, AZ, 85232, USA",33.0639575,-111.3794442
136,"54575 Tamiami Trl E, Ochopee, FL, 34141, USA",25.9015333,-81.3047701
137,"2526 New Calhoun Hwy, Rome, GA, 30161, USA",34.280156,-85.1414741
138,"3424 Hwy 252 East, Folkston, GA, 31537, USA",30.8749079,-81.9806924
139,"3262 Highway 252, Folkston, GA, 31537, USA",30.8740285,-81.97946449999999
141,"201 North Church Street, Winston-Salem, NC, 27101, USA",36.096971,-80.2422699
142,"160 Elm Street, Greenfield, MA, 1301, USA",42.596401,-72.6125319
143,"625 Franklin Farm Ln, Chambersburg, PA, 17201, USA",39.9349618,-77.62632529999999
144,"7300 Marcie's Choice Lane, Frederick, MD, 21704, USA",39.3658822,-77.41307570000001
145,"411 South Broadway Avenue, Albert Lea, MN, 56007, USA",43.6459816,-93.3681003
146,"2006 Sweetgum Rd, Rochester, IN, 46975, USA",41.052251,-86.2317408
147,"201 West Grant Avenue, Pauls Valley, OK, 73075, USA",34.7404942,-97.2220938
148,"425 North Marietta Street, Gastonia, NC, 28052, USA",35.257809,-81.1822263
149,"12450 Merritt Dr, Chardon, OH, 44024, USA",41.5046752,-81.1915623
150,"1297 East Sr 78, Moore Haven, FL, 33471, USA",26.8386472,-81.1239104
151,"611 Frontage Rd, McFarland, CA, 93250, USA",35.6697644,-119.2278172
152,"1701 North Washington St, Grand Forks, ND, 58203, USA",47.935621,-97.0576258
153,"320 Shaw Station Road, Leitchfield, KY, 42754, USA",37.4890253,-86.27049819999999
154,"1199 N Haseltine Rd, Springfield, MO, 65802, USA",37.224653000000004,-93.38618
155,"Hwy 28 Intsect Of Road 165, San Juan, 939, Puerto Rico",18.4235781,-66.1036671
156,"110 Public Safety Drive, Grand Island, NE, 68801, USA",40.9266016,-98.3286932
158,"8450 Highway 90, Bay St. Louis, MS, 39520, USA",30.3025048,-89.4762853
159,"1116 14th Avenue, Eldora, IA, 50627, USA",42.3600424,-93.097467
160,"206-A N Murchison Street, Athens, TX, 75751, USA",32.2096678,-95.8467561
162,"18 E Basic Road, Henderson, NV, 89015, USA",36.0309509,-114.9787348
163,"1201 North Orient Road, Tampa, FL, 33619, USA",27.959392,-82.3720724
164,"2027 S East Loop 410, San Antonio, TX, 78220, USA",29.4020511,-98.3904132
165,"15221 S  50th St, Phoenix, AZ, 85044, USA",33.308392,-111.9734076
166,"351 Elliott St., Honolulu, HI, 96819, USA",21.3338725,-157.9279267
167,"2250 Lafoon Trail, Madisonville, KY, 42431, USA",37.3377164,-87.54017809999999
168,"15850 Export Plaza Drive, Houston, TX, 77032, USA",29.9497807,-95.3122694
169,"7301 Waterloo Road, Jessup, MD, 20794, USA",39.1694445,-76.781821
170,"30-35 Hackensack Ave., Kearny, NJ, 7032, USA",40.7279128,-74.10840379999999
171,"3400 Fm 350 South, Livingston, TX, 77351, USA",30.6980352,-95.0062201
174,"1572 Gateway, Calexico, CA, 92231, USA",32.6901156,-115.3975363
175,"132 Cotton Drive, Ocilla, GA, 31772, USA",31.5798201,-83.25536380000001
176,"Bldg 2144, U.S. Naval Station, Guantanamo Bay, 34009, Cuba",19.9147787,-75.14977929999999
177,"3101 Marlin Hwy, Waco, TX, 76705, USA",31.549304,-97.081435
178,"327 Industrial Drive, Jonesboro, LA, 71251, USA",32.2154049,-92.7167189
179,"13502 Musick Road, Irvine, CA, 92618, USA",33.6636063,-117.6999484
180,"219 East Fremont Avenue, Rigby, ID, 83442, USA",43.6734611,-111.9111853
182,"500 Hilbig Rd, Conroe, TX, 77301, USA",30.3357896,-95.4480609
183,"1800 Ridgemar Drive, Cleburne, TX, 76031, USA",32.3742348,-97.3884638
184,"2201 23rd St NE, Willmar, MN, 56201, USA",45.1457492,-95.0139765
185,"3050 Justice Way, Kankakee, IL, 60901, USA",41.0756796,-87.8581207
186,"9747 NW Conant Avenue, Kansas City, MO, 64153, USA",39.2686641,-94.6755746
188,"810 Commerce Street, Karnes City, TX, 78118, USA",28.8837901,-97.9119663
190,"409 Fm 1144, Karnes City, TX, 78118, USA",28.8849772,-97.9008355
191,"409 Fm 1144, Karnes City, TX, 78118, USA",28.8849772,-97.9008355
192,"1101 West Dry Road, Newkirk, OK, 74647, USA",36.8678591,-97.0691621
193,"4777 88th Avenue, Kenosha, WI, 53144, USA",42.5942926,-87.91194809999999
194,"3000 Decker Crane Lane, Covington, KY, 41017, USA",39.0024275,-84.53061249999999
195,"205 West 5th Avenue, Ellensburg, WA, 98926, USA",46.997416,-120.5494155
196,"5001 Maloneyville Rd, Knoxville, TN, 37918, USA",36.0851558,-83.8402298
197,"18201 SW 12th St, Miami, FL, 33194, USA",25.7543477,-80.4891143
199,"5501 North La Palma Road, Eloy, AZ, 85131, USA",32.8096576,-111.5320133
200,"1109 Arizona Ave., Parker, AZ, 85344, USA",34.1455578,-114.2904066
201,"3180 Goliad Rd, San Antonio, TX, 78223, USA",29.3508612,-98.4295604
202,"170 Medical Dr., Pearsall, TX, 78061, USA",28.8982611,-99.1191856
203,"832 East Texas State Highway 44, Encinal, TX, 78019, USA",28.0455037,-99.3362626
204,"551 W. Main St., Tavares, FL, 32778, USA",28.8016049,-81.7326411
205,"1910 Pioneer Avenue, Cheyenne, WY, 82001, USA",41.1347715,-104.8201135
206,"4702 East Saunders Street, Laredo, TX, 78041, USA",27.5292214,-99.447934
207,"15976 Hwy 165, Olla, LA, 71465, USA",31.9028296,-92.2426468
208,"830 Pinehill Road, Jena, LA, 71342, USA",31.7089427,-92.1505809
209,"440 Hammock Road, London, KY, 40744, USA",37.05753970000001,-84.07061379999999
210,"80 Sherman Street, Deadwood, SD, 57732, USA",44.3742947,-103.7295749
211,"1300 Metropolitan Ave., Leavenworth, KS, 66048, USA",39.3299481,-94.93634980000002
212,"38 N 4th St, Allentown, PA, 18102, USA",40.6048678,-75.4664248
213,"9150 NE 80th Ave, Bronson, FL, 32621, USA",29.4651997,-82.6408105
214,"521 Gibson Road, Lexington, SC, 29072, USA",33.9791296,-81.25039029999999
215,"910 North Tyus Street, Groesbeck, TX, 76642, USA",31.5268364,-96.5148192
216,"65 Business Park Drive, Troy, MO, 63379, USA",38.9718009,-90.9627161
217,"302 N Jeffers, North Platte, NE, 69101, USA",41.1354706,-100.7642245
218,"53 3rd Avenue Bridge, Cedar Rapids, IA, 52401, USA",41.9745858,-91.6691514
219,"216 S Broad St, Guthrie, OK, 73044, USA",35.8763173,-97.4225036
220,"203 W. Front Street, Lonoke, AR, 72086, USA",34.7836234,-91.9015024
221,"18198 Tunica Trace Bldg E, Angola, LA, 70712, USA",30.9406293,-91.5684209
222,"811 Main Street, Lubbock, TX, 79401, USA",33.5852981,-101.8436702
223,"2935 Highway 51, Canton, MS, 39046, USA",32.5865785,-90.0453383
224,"110 Fifth Avenue, Youngstown, OH, 44503, USA",41.1042306,-80.6549256
225,"3026 Hwy 252 East, Folkston, GA, 31537, USA",30.8763257,-81.97801609999999
226,"695 Justice Way, Indianapolis, IN, 46203, USA",39.754849,-86.1127175
227,"2369 Jessup Avenue, Marshalltown, IA, 50158, USA",42.01046119999999,-93.0595669
228,"800 Southeast Monterey Road, Stuart, FL, 34994, USA",27.1719467,-80.2419377
229,"2309 N Highway 83, McCook, NE, 69001, USA",40.2146455,-100.6502029
230,"2200 North Seminary Avenue, Woodstock, IL, 60098, USA",42.3408464,-88.44099399999999
231,"425 Golden State Ave, Bakersfield, CA, 93301, USA",35.3799739,-119.0064452
232,"3038 West 850 South P.o. Box 900, Bunker Hill, IN, 46914, USA",40.644835,-86.13349339999999
233,"33 NE 4 Street, Miami, FL, 33132, USA",25.7785364,-80.1932264
234,"Unavailable, Miami, FL, 33101, USA",25.7783254,-80.1990136
235,"400 S Main Street, Midland, TX, 79701, USA",31.994141,-102.0750416
236,"2300 East Street, Texarkana, AR, 71854, USA",33.4011832,-94.0223446
237,"1415 Albion Avenue, Burley, ID, 83318, USA",42.5350478,-113.7911723
238,"500 North Minnesota Avenue, Sioux Falls, SD, 57104, USA",43.5526943,-96.7304941
239,"5501 College Road, Key West, FL, 33040, USA",24.576552,-81.751438
240,"7000 East Dunbar Road, Monroe, MI, 48161, USA",41.89553069999999,-83.39339439999999
241,"320 North Ripley Street, Montgomery, AL, 36104, USA",32.3819047,-86.2979896
242,"Park Street, Fonda, NY, 12068, USA",42.9531454,-74.3726886
243,"211 East Third Street, Montgomery City, MO, 63361, USA",38.9795443,-91.5047677
244,"806 Hilbig Rd, Conroe, TX, 77301, USA",30.3360804,-95.4425066
245,"211 East Newton Street, Versailles, MO, 65084, USA",38.4321028,-92.8397605
246,"101 Home Road, Mount Gilead, OH, 43338, USA",40.5600739,-82.8067453
248,"555 Geo Drive, Philipsburg, PA, 16866, USA",40.9184435,-78.2428977
249,"400 Walnut Street, Muscatine, IA, 52761, USA",41.4244034,-91.0446241
250,"100 Carman Avenue, East Meadow, NY, 11554, USA",40.7322545,-73.553505
251,"299 Edwina Dr., Natchitoches, LA, 71457, USA",31.7302787,-93.0994456
252,"1100 Bruce Lane, Casper, WY, 82601, USA",42.8626014,-106.3455262
253,"5061 Highway 3127, Killona, LA, 70057, USA",29.9931553,-90.5020311
254,"2190 East Mesquite Avenue, Pahrump, NV, 89060, USA",36.252992,-115.975308
255,"3950 Juvenile Rd, Castle Hayne, NC, 28429, USA",34.3557241,-77.8999864
256,"5526 Niagara Street Extention, Lockport, NY, 14094, USA",43.1801046,-78.73699300000001
257,"1530 Airport Road, Worthington, MN, 56187, USA",43.6481147,-95.5899823
258,"#1 Lois Lane, Greenwood, WV, 26415, USA",39.2809184,-80.8534092
260,"1805 W 32nd St, Baldwin, MI, 49304, USA",43.9284879,-85.83946130000001
262,"2240 Hubbard Road, Youngstown, OH, 44505, USA",41.13167869999999,-80.63199780000001
263,"211 Webber Road, The Dalles, OR, 97058, USA",45.6134532,-121.201599
264,"211 Webber Street, The Dalles, OR, 97058, USA",45.6134532,-121.201599
265,"Rd. 2, Box 1, Moundsville, WV, 26041, USA",39.9258505,-80.7362235
268,"816 Marin Ave., Suite 110, Crookston, MN, 56716, USA",47.7688993,-96.6284825
269,"3649 Lower Newton Road, Swanton, VT, 05488, USA",44.8497953,-73.1318053
271,"1520 E. Basin Road, Pahrump, NV, 89060, USA",36.2206495,-115.9869885
272,"103 Jefferson Street, Oregon, IL, 61061, USA",42.0130434,-89.3297367
273,"314 W. 7th Street, Okmulgee, OK, 74447, USA",35.6221933,-95.9745498
274,"3405 W Hwy 146, La Grange, KY, 40031, USA",38.38929359999999,-85.4237673
278,"3855 South John Young Parkway, Orlando, FL, 32839, USA",28.5038535,-81.4163786
279,"110 Wells Farm Road, Goshen, NY, 10924, USA",41.4047777,-74.3601231
281,"7488 Calzada De La Fuente, San Diego, CA, 92154, USA",32.5750242,-116.9147637
282,"1958 Dr M.L.K. Jr. Dr, Alamogordo, NM, 88310, USA",32.8520298,-106.0077303
283,"26 Mcgregor Range Road, Chaparral, NM, 88081, USA",32.0802208,-106.281786
284,"1818 County Road 806, Gainesville, MO, 65655, USA",36.6032101,-92.4596506
285,"300 Kansas City Street None, Rapid City, SD, 57701, USA",44.0783468,-103.222046
287,"301 W. 2nd, Rolla, MO, 65401, USA",37.9454123,-91.7726412
288,"715 5th Avenue, Holdrege, NE, 68949, USA",40.4395445,-99.3703646
289,"188 Cemetery St, Carrollton, AL, 35447, USA",33.260415,-88.0959692
291,"175 Pike County Boulevard, Lords Valley, PA, 18428, USA",41.3890147,-75.0713413
292,"1133 Hampton Dupre Road, Pine Prairie, LA, 70576, USA",30.7886095,-92.4235146
293,"14400 49th Street North, Clearwater, FL, 33762, USA",27.9052741,-82.70221950000001
294,"415 Third Street, Platte City, MO, 64079, USA",39.3714749,-94.7801172
295,"850 Maple Street, Wheatland, WY, 82201, USA",42.05559290000001,-104.9522605
296,"26 Long Pond Road, Plymouth, MA, 02360, USA",41.9313647,-70.6510495
297,"1985 NE 51st Place, Des Moines, IA, 50313, USA",41.6534852,-93.587758
300,"1400 Big Lake Road, Council Bluffs, IA, 51501, USA",41.2842697,-95.8653913
302,"1209 Sunflower Ln, Alvarado, TX, 76009, USA",32.4065312,-97.2116782
303,"508 Waterworks Road, Farmville, VA, 23901, USA",37.32051570000001,-78.4408127
304,"1026 Shawnee College Road, Ullin, IL, 62992, USA",37.2690407,-89.1641356
305,"421 E Spring St., Cookeville, TN, 38501, USA",36.1614631,-85.4978924
306,"9100 South Georgia Street, Amarillo, TX, 79118, USA",35.115385,-101.8680283
307,"16838 International Blvd, Seatac, WA, 98188, USA",47.45144699999999,-122.2948795
308,"4000 Main Street, Troy, NY, 12180, USA",42.7095864,-73.70107660000001
310,"180 Pine Bayou Circle, Monroe, LA, 71202, USA",32.4568901,-92.0784706
311,"640 Cherry Street, Del Norte, CO, 81132, USA",37.6764999,-106.3504446
312,"1001 San Rio Boulevard, Laredo, TX, 78046, USA",27.377685,-99.4901498
313,"27991 Buena Vista Boulevard, Los Fresnos, TX, 78566, USA",26.1569011,-97.3505561
314,"26362 Highway 15, Ferriday, LA, 71334, USA",31.5971028,-91.5580974
315,"4095 Lemon Street, Riverside, CA, 92225, USA",33.9783467,-117.3744144
316,"1000 River Road, Hopewell, VA, 23860, USA",37.2989493,-77.33093749999999
317,"340 Campbell Avenue Southwest, Roanoke, VA, 24016, USA",37.2711908,-79.9471628
318,"11866 Hastings Bridge Road P.o. Box 429, Lovejoy, GA, 30250, USA",33.43492120000001,-84.3064491
320,"25 South Liberty Street, Harrisonburg, VA, 22801, USA",38.44932,-78.8709058
321,"118 County Road 206, Haskell, TX, 79521, USA",33.1771862,-99.7217295
323,"701 North Columbia Street, Covington, LA, 70433, USA",30.4802794,-90.0963631
324,"Vicente T. Seman Bldg, Civic Center, Saipan, 96950, Northern Mariana Islands",15.1586594,145.7054063
325,"225 S. Main St., Wilber, NE, 68465, USA",40.481929,-96.9608662
326,"3415 South 900 West, Salt Lake City, UT, 84119, USA",40.6970507,-111.9157703
327,"880 Front Street, San Diego, CA, 92101, USA",32.7143776,-117.1645829
328,"651 Federal Drive, Suite 104, Guaynabo, 00965, Puerto Rico",18.4279088,-66.1102957
329,"406 North Avenue D, San Luis, AZ, 85349, USA",32.4846707,-114.6846486
330,"1208 Golden Gate Drive, Papillion, NE, 68046, USA",41.1415989,-96.0418183
331,"1300 Lange Ct., Baraboo, WI, 53913, USA",43.4616858,-89.76717889999999
332,"801 South A Street, Fort Smith, AR, 72901, USA",35.382742,-94.4251113
333,"3040 South State Highway 100, Tiffin, OH, 44883, USA",41.0793527,-83.1538747
334,"501 Southeast 8th Avenue, Topeka, KS, 66607, USA",39.0466939,-95.669194
335,"13880 Business Center Drive, Elk River, MN, 55330, USA",45.304588,-93.61912060000002
336,"4363 Ironwood Avenue, Orange City, IA, 51041, USA",43.0185162,-96.0766585
337,"1001 Center Way, Charleston, WV, 25309, USA",38.3110351,-81.7099734
339,"3843 Stagg Avenue, Basile, LA, 70515, USA",30.4870681,-92.581813
341,"300 El Rancho Way, Dilley, TX, 78017, USA",28.6578745,-99.2003862
343,"566 Veterans Drive, Pearsall, TX, 78061, USA",28.8973835,-99.1187908
344,"1200 Airport Rd, Beaver, WV, 25813, USA",37.7708901,-81.1162375
345,"13 Gaston Caperton Dr., Holden, WV, 25625, USA",37.7987366,-82.0950124
346,"1170 Michigan Road, Port Huron, MI, 48060, USA",42.94231130000001,-82.47947909999999
347,"5 Basler Dr., Ste. Genevieve, MO, 63670, USA",37.9653281,-90.0557269
348,"146 Cca Road, Lumpkin, GA, 31815, USA",32.0365622,-84.7713749
349,"1315 South B Avenue, Nevada, IA, 50201, USA",42.0109623,-93.4419469
350,"266 County Farm Road, Dover, NH, 03820, USA",43.218151,-70.9400658
351,"20 Bradston Street, Boston, MA, 2118, USA",42.3338356,-71.0686169
352,"9880 N., Scottsdale, AZ, 85253, USA",33.575455,-111.9274702
353,"14091 Fm 490, Raymondville, TX, 78580, USA",26.4552267,-97.7809229
354,"50140 United States Highway 191 South, Rock Springs, WY, 82935, USA",41.5984866,-109.2412428
356,"1001 Welch Street, Taylor, TX, 76574, USA",30.5655231,-97.4198336
357,"1623 E. J Street, Tacoma, WA, 98421, USA",47.24986029999999,-122.4218964
358,"415 U.s. Highway 49 North, Tutwiler, MS, 38963, USA",34.0265493,-90.4462432
359,"288 Weaverville Road, Divide, CO, 80814, USA",38.943053,-105.15133230000001
360,"11801 South Fwy I-35w, Burleson, TX, 76028, USA",32.586731,-97.3168944
361,"501 The City Drive South, Orange, CA, 92868, USA",33.7825672,-117.8882283
362,"47 South Main Street, Tooele, UT, 84074, USA",40.5294169,-112.2973599
363,"1400 Lower Island Rd, Tornillo, TX, 79853, USA",31.4464325,-106.1233978
364,"209 County Road 49, Estancia, NM, 87016, USA",34.7583934,-106.0558506
365,"810 Commerce St, San Antonio, TX, 78118, USA",28.8819255,-97.9374948
366,"300 El Rancho Way, Dilley, TX, 78017, USA",28.6578745,-99.2003862
367,"300 North Denver Avenue, Tulsa, OK, 74103, USA",36.1577756,-95.9991192
368,"7000 NW 41st St., Miami, FL, 33166, USA",25.8101315,-80.3113644
369,"522 Bath Rd, Wiscasset, ME, 04578, USA",43.97825840000001,-69.6987883
370,"77 County Road 109, Evanston, WY, 82930, USA",41.2680071,-110.9206116
371,"253 Farm To Market 2523, Del Rio, TX, 78840, USA",29.3708857,-100.8958674
372,"101 North Glass Street, Victoria, TX, 77901, USA",28.8002906,-97.0086053
373,"9320 Merrimac Trail, Williamsburg, VA, 23185, USA",37.2165677,-76.60355729999999
374,"330 South Salisbury Street, Raleigh, NC, 27601, USA",35.7759236,-78.6408489
375,"15 Oak Street, Crawfordville, FL, 32327, USA",30.1967424,-84.3771057
376,"40 Sheriff Cir, Defuniak Springs, FL, 32433, USA",30.7835164,-86.10390129999999
377,"P.o. Box 907, Minot, ND, 58702, USA",48.14,-101.39
378,"1155 West Clydesdale Drive, Fayetteville, AR, 72701, USA",36.0334327,-94.1772012
380,"750 South 5300 West, Hurricane, UT, 84737, USA",37.1373633,-113.4079986
381,"911 Parr Blvd 775 328 3308, Reno, NV, 89506, USA",39.5711833,-119.8111143
382,"515 West Moreland, Waukesha, WI, 53186, USA",43.0227067,-88.2301255
383,"9998 South Highway 83, Laredo, TX, 78041, USA",27.3698802,-99.4902562
384,"721 West 12th Street, Ogden, UT, 84404, USA",41.2402118,-111.9934202
385,"401 S. Vaquero Ave., Sierra Blanca, TX, 79851, USA",31.1664137,-105.3519631
386,"1 O’hanlon Pl, Barboursville, WV, 25504, USA",38.4185611,-82.2932624
387,"6299 Finde Naifeh Drive, Mason, TN, 38049, USA",35.4074582,-89.5486122
388,"5885 W River Rd, Salem, VA, 24153, USA",37.2461454,-80.1760426
389,"805 Professional Blvd, Dalton, GA, 30720, USA",34.7937394,-84.979935
390,"1760 S Sunridge Dr, Yuma, AZ, 85365, USA",32.695999,-114.6038311
391,"180 Cca Blvd, Winnfield, LA, 71483, USA",31.8503103,-92.7812108
392,"407 7th Street, Sioux City, IA, 51101, USA",42.4977847,-96.406008
393,"5022 Joyner Road, Snow Hill, MD, 21863, USA",38.1700717,-75.3758308
394,"950 High Street, Central Falls, RI, 02863, USA",41.8924645,-71.38395899999999
395,"111 North Front Street, Yakima, WA, 98901, USA",46.60419419999999,-120.5080052
396,"410 Walnut Street, Yankton, SD, 57078, USA",42.8717874,-97.393024
397,"3400 Concord Road, York, PA, 17402, USA",39.9865257,-76.6609023
398,"215 5th Street, Marysville, CA, 95901, USA",39.1412869,-121.5866877
1001,"254 Peachtree Street Southwest, Atlanta, GA, 30303, USA",33.7475641,-84.3955253
1002,"3423 Highway 252 East, Folkston, GA, 31537, USA",30.8749079,-81.9806924
1003,"5555 Giant Highway, Richmond, CA, 94806, USA",37.9950562,-122.3539701
1004,"12500 Bruceville Road, Elk Grove, CA, 95757, USA",38.3060244,-121.4234753
1005,"10 Mcgregor Range Road, Chaparral, NM, 88081, USA",32.0785912,-106.278468
1006,"1675-3a, York, SC, 29745, USA",34.9943021,-81.24201750000002
1007,"1601 Buffalo Drive, Raymondville, TX, 78580, USA",26.470892,-97.758336
1008,"425 Grove Street, St. Paul, MN, 55101, USA",44.9562397,-93.0854005
1009,"16099 Michigan Ave, Dearborn, MI, 48126, USA",42.3133107,-83.20014809999999
1010,"7368 State Route 31, Lyons, NY, 14489, USA",43.06291119999999,-77.03124199999999
1011,"1700 Barber Road, Gainesville, GA, 30507, USA",34.2384105,-83.81264209999999
1012,"5234 Spector Drive, Charlotte, NC, 28202, USA",35.3142188,-80.84030349999999
1013,"2003 Mill Road, Alexandria, VA, 22314, USA",38.7981291,-77.0646527
1014,"1901 Northeast F Street, Grants Pass, OR, 97526, USA",42.4330027,-123.3033804
1015,"1317 3rd Avenue, Rock Island, IL, 61201, USA",41.509035,-90.580909
1016,"2739 East Las Vegas, Colorado Springs, CO, 80906, USA",38.7880487,-104.7789648
1017,"151 Douglas Avenue, Elgin, IL, 60120, USA",42.0398749,-88.2833702
1018,"800 West 1st Street, Craig, CO, 81625, USA",40.5061336,-107.5564184
1019,"550 North Flower Street, Santa Ana, CA, 92703, USA",33.7487689,-117.8783938
1020,"701 Ball Avenue Northeast, Grand Rapids, MI, 49503, USA",42.9756102,-85.6316746
1021,"131 North Isabel Street, Glendale, CA, 91206, USA",34.1473511,-118.2491447
1022,"122 West Harris Avenue, San Angelo, TX, 76903, USA",31.4635264,-100.4398316
1023,"2830 Commonwealth Dr #105, Camp Verde, AZ, 86322, USA",34.6108031,-111.9182493
1024,"1115 Albany, Caldwell, ID, 83605, USA",43.665091,-116.6817811
1025,"1 Sheriffs Plaza, Springfield, IL, 62701, USA",39.7994917,-89.6498742
1026,"9320 Lee Avenue, Manassas, VA, 20110, USA",38.7519901,-77.4799665
1027,"10520 Judicial Drive, Fairfax, VA, 22030, USA",38.8442758,-77.3110609
1028,"200 West Street, Dedham, MA, 02026, USA",42.260328,-71.2085658
1029,"1250 North Hohokam Drive, Nogales, AZ, 85621, USA",31.3553982,-110.9278601
1030,"910 South 27th Street, Abilene, TX, 79602, USA",32.41693060000001,-99.7349093
1031,"304 South Van Buren Avenue, Mt. Pleasant, TX, 75455, USA",33.1546792,-94.9710512
1032,"211 S. First St., Alhambra, CA, 91801, USA",34.0919793,-118.1266645
1033,"950 Second Avenue, Pittsburgh, PA, 15219, USA",40.4345441,-79.99352360000002
1034,"370 South Washington St, St Johns, AZ, 85936, USA",34.5022411,-109.3654253
1035,"5661 Perkins Road, Bedford Hts, OH, 44146, USA",41.4058191,-81.4975106
1036,"952 E. Saw Mill Road, Flagstaff, AZ, 86001, USA",35.1892029,-111.6414322
1037,"1406 Charles Town Road, Martinsburg, WV, 25401, USA",39.4373784,-77.9610896
1038,"742 Turner Drive, Durango, CO, 81303, USA",37.2471854,-107.8782578
1039,"801 East Fourth St, Charlotte, NC, 28202, USA",35.2198207,-80.8354389
1040,"200 West Commercial Street, Charleston, MO, 63834, USA",36.9238408,-89.3520295
1041,"60 Eagleville Road, Norristown, PA, 19403, USA",40.1587796,-75.4231307
1042,"250 Mcdonough Street, Montgomery, AL, 36103, USA",32.3743852,-86.30494399999999
1043,"100 East Carter Drive, Holbrook, AZ, 86025, USA",34.86963,-110.1558946
1044,"3045 County Complex Drive, Canandaigua, NY, 14424, USA",42.882147,-77.21189500000001
1045,"550 North Flower Street, Santa Ana, CA, 92703, USA",33.7487689,-117.8783938
1046,"490 West Mission Boulevard, Pomona, CA, 91766, USA",34.0544968,-117.7539275
1047,"909 Court Street, Pueblo, CO, 81003, USA",38.2754264,-104.6106011
1048,"1482 West United States Highway 56, Lyons, KS, 67554, USA",38.3477524,-98.2062544
1049,"125 Cemetery Road, Woodstown, NJ, 80898, USA",39.630125,-75.3569385
1050,"630 East Rialto Avenue, San Bernardino, CA, 92408, USA",34.1023852,-117.2740451
1051,"62 Civic Center Plaza, Santa Ana, CA, 92701, USA",33.7482944,-117.8744444
1052,"8606 Hwy 65, Waterproof, LA, 71375, USA",31.80787909999999,-91.3937421
1053,"3075 North Main Street, Spanish Fork, UT, 84660, USA",40.1488668,-111.6597178
1054,"1300 E 4th Avenue, Anchorage, AK, 99501, USA",61.2184384,-149.8575923
1055,"1931 Eagan Street, Fairbanks, AK, 99701, USA",64.8326191,-147.7589929
1056,"22301 Alsop Rd, Wasilla, AK, 99654, USA",61.3584506,-149.9511741
1057,"9101 Hesterberg Road, Eagle River, AK, 99577, USA",61.3030727,-149.57897
1058,"1201 Schoenbar Road, Ketchikan, AK, 99901, USA",55.3482814,-131.649441
1059,"2000 Lemon Creek Road, Juneau, AK, 99801, USA",58.3626252,-134.4843768
1060,"339 E. Dogwood, Palmer, AK, 99645, USA",61.6022736,-149.1096251
1061,"217 Lower Mill Bay Road, Kodiak, AK, 99615, USA",57.7919421,-152.4048793
1062,"37910 N 45th Ave Dept 1700, Phoenix, AZ, 85027, USA",33.8715943,-112.1563121
1063,"8901 South Wilmot Road, Tucson, AZ, 85706, USA",32.0909043,-110.8572123
1064,"5501 North La Palma Road, Eloy, AZ, 85131, USA",32.8096576,-111.5320133
1065,"1270 West Silverlake Road, Tucson, AZ, 85713, USA",32.2007427,-110.9949529
1066,"971 N. Jason Lopez Circle, Florence, AZ, 85132, USA",33.0409748,-111.3752486
1067,"3600 Guard Road, Lompoc, CA, 93436, USA",34.6774437,-120.4976532
1068,"3901 Klein Blvd., Lompoc, CA, 93436, USA",34.67623409999999,-120.5056849
1069,"300 N., Los Angeles, CA, 90012, USA",34.053793,-118.2397435
1070,"13777 Air Base Rd, Victorville, CA, 92392, USA",34.5707443,-117.3623754
1071,"Colony Dr, San Luis Obispo, CA, 93409, USA",35.3215564,-120.6961285
1072,"100 Prison Road, Represa, CA, 95671, USA",38.6949799,-121.1531404
1073,"254 Taylor Avenue, Mcfarland, CA, 93250, USA",35.6680961,-119.228991
1074,"446 Alta Rd, San Diego, CA, 92158, USA",32.5895269,-116.9196445
1075,"17695 Industrial Farm Road, Bakersfield, CA, 93308, USA",35.510486,-119.110825
1076,"450 Bauchet Street, Los Angeles, CA, 90012, USA",34.0588042,-118.2309227
1077,"7600 S Broadway, Los Angeles, CA, 90003, USA",33.9702803,-118.2779687
1078,"446 Alta Rd, San Diego, CA, 92158, USA",32.5895269,-116.9196445
1079,"500 3rd Avenue, Chula Vista, CA, 91910, USA",32.632554,-117.0775695
1080,"800 South Victoria Avenue, Ventura, CA, 93009, USA",34.2678901,-119.2105456
1081,"3686 South Court Place, Littleton, CO, 80120, USA",39.6150731,-105.0123557
1082,"1500 East Alameda Drive, Aurora, CO, 80017, USA",39.7095408,-104.79595
1083,"3130 North Oakland Street, Aurora, CO, 80010, USA",39.76134709999999,-104.8490165
1084,"East Hwy 50 And Evans Ave, Canon City, CO, 81212, USA",38.4479591,-105.1558667
1085,"10500 East Smith Road, Denver, CO, 80239, USA",39.7659889,-104.8615152
1086,"355 South Wilcox, Castle Rock, CO, 80104, USA",39.3666155,-104.8630422
1087,"2032 Lowe Street, Suite 200, Fort Collins, CO, 80525, USA",40.532504,-105.039757
1088,"215 Rice Street, Grand Junction, CO, 81501, USA",39.0685214,-108.574055
1089,"177 Weston Street, Hartford, CT, 06120, USA",41.7938945,-72.6617891
1090,"5700 Star Lane, Panama City, FL, 32404, USA",30.2272291,-85.5619688
1091,"860 Camp Road, Cocoa, FL, 32927, USA",28.4481354,-80.7815428
1092,"26601 Airport Rd, Punta Gorda, FL, 33982, USA",26.9147413,-82.0069675
1093,"2604 W. Woodland Ridge Dr., Lecanto, FL, 34461, USA",28.8449599,-82.4771851
1094,"389 NW Quinten St, Lake City, FL, 32055, USA",30.2206278,-82.6435752
1095,"20706 U.S. Highway 90 West, Sanderson, FL, 32087, USA",30.214814,-82.372328
1096,"33123 Oil Well Road, Punta Gorda, FL, 33955, USA",26.8043803,-81.9034968
1097,"1001 Justice Lane, Bunnell, FL, 32110, USA",29.452478,-81.2560651
1098,"101 South Bridge Street, Labelle, FL, 33935, USA",26.7604172,-81.43660779999999
1099,"11490 Harlee Rd., Palmetto, FL, 34221, USA",27.6366807,-82.53996289999999
1100,"3290 NW 10th St, Ocala, FL, 34475, USA",29.1943814,-82.1748855
1101,"5680 Southwest 87th Avenue, Miami, FL, 33173, USA",25.7153106,-80.3360197
1102,"76212 Nicholas Cutinha Road, Yulee, FL, 32097, USA",30.6109717,-81.63114589999999
1103,"402 Simpson Road, Kissimmee, FL, 34744, USA",28.2959861,-81.3516291
1104,"3228 Gun Club Road, West Palm Beach, FL, 33406, USA",26.6709505,-80.0924474
1105,"2390 Bob Phillips Road, Bartow, FL, 33830, USA",27.8797263,-81.8174851
1106,"130 Orie Griffin Blvd, Palatka, FL, 32177, USA",29.6682055,-81.6627436
1107,"2020 Main St, Sarasota, FL, 34237, USA",27.3362409,-82.52978929999999
1108,"211 Eslinger Way, Sanford, FL, 32773, USA",28.7476541,-81.2991837
1109,"5755 East, Milton, FL, 32583, USA",30.6157008,-87.0214957
1110,"3955 Lewis Speedway, St. Augustine, FL, 32095, USA",29.9402982,-81.3387994
1111,"900 N. Rock Rd, Fort Pierce, FL, 34945, USA",27.4533225,-80.40997569999999
1112,"219 E Anderson Avenue, Bushnell, FL, 33513, USA",28.6629244,-82.10955539999999
1113,"200 Ohio Ave S, Live Oak, FL, 32064, USA",30.2955984,-82.9850816
1114,"691 Institution Rd., Defuniak Springs, FL, 32433, USA",30.7786203,-86.1026455
1115,"104 Zena Dr, Cartersville, GA, 30121, USA",34.1912842,-84.7775037
1116,"1000 Jim Hammock Dr., Mcrae, GA, 31055, USA",32.0544901,-82.8773887
1117,"3262 Highway 252, Folkston, GA, 31537, USA",30.8740285,-81.97946449999999
1118,"400 West 4th Street, Davenport, IA, 52801, USA",41.5240367,-90.5794301
1119,"624 Main St., Gooding, ID, 83330, USA",42.9389907,-114.7122011
1120,"425 Shoshone Street North, Twin Falls, ID, 83301, USA",42.5587228,-114.4675562
1121,"911 Casey Avenue, Mount Vernon, IL, 62864, USA",38.3142597,-88.9026743
1122,"304 N. 9th Street, Garden City, KS, 67846, USA",37.9676572,-100.8759294
1123,"600 Old Frankford Cr, Lexington, KY, 40510, USA",38.0654485,-84.5456706
1124,"204 Beasley Drive, Versailles, KY, 40383, USA",38.0477924,-84.75783799999999
1125,"2105 E. Whatley Rd., Oakdale, LA, 71463, USA",30.8321501,-92.6369106
1126,"5061 La Highway 3127, Killona, LA, 70057, USA",29.9931553,-90.5020311
1127,"300 Fanin St. #1202, Shreveport, LA, 71101, USA",32.5158888,-93.7503442
1128,"42 Patton Road, Ayer, MA, 01432, USA",42.5290981,-71.61377279999999
1129,"476-498 Hanover St Exd, Boston, MA, 02109, USA",42.3675834,-71.0520267
1130,"6 Allens Ln, Peabody, MA, 01960, USA",42.52404749999999,-70.9407446
1131,"41880 Baldridge Street, Leonardtown, MD, 20650, USA",38.3028889,-76.62787709999999
1132,"500 Western Maryland Parkway, Hagerstown, MD, 21740, USA",39.6394764,-77.76183739999999
1133,"675 Westbrook St., South Portland, ME, 04106, USA",43.6398975,-70.3082192
1134,"100 East 2nd Street, Monroe, MI, 48161, USA",41.9137031,-83.39755009999999
1135,"14900 North 612 Street, Stillwater, MN, 55082, USA",45.0564671,-92.8172899
1136,"1900 W. Sunshine, Springfield, MO, 65808, USA",37.1773005,-93.3246553
1137,"10451 Larkin Smith Drive, Gulfport, MS, 39503, USA",30.4391616,-89.0547035
1138,"615 South 16th Street, Bozeman, MT, 59715, USA",45.6733614,-111.059518
1139,"235 Deer Lodge Avenue, Shelby, MT, 59474, USA",48.5073453,-111.8559881
1140,"3165 King Avenue East, Billings, MT, 59101, USA",45.7558926,-108.5007621
1141,"375 1st Avenue East, Hendersonville, NC, 28792, USA",35.3158569,-82.4560039
1142,"1701 North Washington St, Grand Forks, ND, 58206, USA",47.935621,-97.0576258
1143,"110 Industial Park Road, Rugby, ND, 58368, USA",48.3672076,-100.0036095
1144,"1725 10th St, Gering, NE, 69341, USA",41.8263347,-103.6609193
1145,"1 Waterworks Road, Freehold, NJ, 07728, USA",40.2677006,-74.28725349999999
1146,"415 Roma N.W., Albuquerque, NM, 87102, USA",35.0896998,-106.6513973
1147,"801 Mitchell Street, Clovis, NM, 88101, USA",34.4063469,-103.2063005
1148,"100 Federal Plaza, Central Islip, NY, 11722, USA",40.7594706,-73.1909642
1149,"Terminal 7, Jamaica, NY, 11430, USA",40.6495293,-73.7828736
1150,"100 Carman Avenue, East Meadow, NY, 11554, USA",40.7322545,-73.553505
1151,"18 Strack Dr, Beacon, NY, 12508, USA",41.522020500000004,-73.9508797
1152,"11739 Ny-22, Comstock, NY, 12821, USA",43.4571231,-73.4327285
1153,"7000, Sonyea, NY, 14556, USA",42.68248,-77.82986
1154,"9000 Old River Road, Marcy, NY, 13403, USA",43.16020959999999,-75.3076904
1155,"72 Lock Eleven Lane, Comstock, NY, 12821, USA",43.4690854,-73.4290707
1156,"100 Center Drive, Riverhead, NY, 11901, USA",40.9149558,-72.6724957
1157,"4000 Aumsville Highway SE, Salem, OR, 97301, USA",44.8958836,-122.9604174
1158,"3057 Easton Turnpike, Waymart, PA, 18472, USA",41.5677119,-75.4086123
1159,"1371 North Washington Avenue, Scranton, PA, 18509, USA",41.4225808,-75.6483277
1160,"1009 David Lee Coffee Pl Rd, Anderson, SC, 29625, USA",34.5336181,-82.6831717
1161,"209 E Main St #250, Elk Point, SD, 57025, USA",42.6858559,-96.6825699
1162,"701 Broadway Street, Nashville, TN, 37203, USA",36.1587778,-86.781307
1163,"601 Justice Way, Chattanooga, TN, 37421, USA",35.0524861,-85.1333143
1164,"620 Hospital Dr, Gainesboro, TN, 38562, USA",36.3487051,-85.65612949999999
1165,"840 W Austin St, Alamo, TX, 78516, USA",26.181523,-98.1191204
1166,"111 W. Central, Belton, TX, 76513, USA",31.056511,-97.46442
1167,"954 E. Harrison, Brownsville, TX, 78520, USA",25.9075236,-97.4949386
1168,"1702 S. Closner Blvd., Edinburg, TX, 78539, USA",26.2856121,-98.1645731
1169,"12501 Montana Ave, El Paso, TX, 79938, USA",31.8093209,-106.2552476
1170,"3100 South Hwy 281, Edinburg, TX, 78539, USA",28.347474,-98.1278352
1171,"1018 Fair Park, Harlingen, TX, 78550, USA",26.2003819,-97.7056907
1172,"109 North Street, Brackettville, TX, 78832, USA",29.3116119,-100.4178839
1173,"703 N Main Street, Cotulla, TX, 78014, USA",28.4438435,-99.23701280000002
1174,"1051 Balboa Jones Boulevard, Eagle Pass, TX, 78852, USA",28.7091433,-100.4995214
1175,"501 Washington Avenue, Waco, TX, 76701, USA",31.5574572,-97.1336004
1176,"13103 NE 29th, Amarillo, TX, 79111, USA",35.2412073,-101.6670195
1177,"3700 W Ursula Ave, Mcallen, TX, 78503, USA",26.158648,-98.2702257
1178,"399 East Nopal, Uvalde, TX, 78801, USA",29.2124857,-99.7810038
1179,"9998 South Highway 83, Laredo, TX, 78046, USA",27.3698802,-99.4902562
1180,"800 10th St Unit 4, Floresville, TX, 78114, USA",29.1481388,-98.1576773
1181,"200 E Uvalde Street #5, Crystal City, TX, 78839, USA",28.6794662,-99.8269368
1183,"6300 North Silver Creek Drive, Park City, UT, 84098, USA",40.7225688,-111.4815177
1184,"510 Ninth Street, Lynchburg, VA, 24504, USA",37.4127044,-79.14515209999999
1185,"1060 River Rd, Hopewell, VA, 23860, USA",37.2982604,-77.33969909999999
1186,"6900 Mimms Dr, Chesterfield, VA, 23832, USA",37.3789599,-77.507889
1187,"400 Albemarle Dr, Chesapeake, VA, 23322, USA",36.7176219,-76.25162329999999
1188,"131 W. Cameron St., Culpeper, VA, 22701, USA",38.4740109,-77.9967482
1189,"13021 James Madison Hwy, Orange, VA, 22960, USA",38.2271835,-78.116604
1190,"17320 New Kent Hwy, Barhamsville, VA, 23011, USA",37.4953324,-76.8610678
1191,"1010 Blue Ridge Lane, Halifax, VA, 24558, USA",36.7649032,-78.9301251
1192,"42035 Loudoun Center Place, Leesburg, VA, 20175, USA",39.0749941,-77.5446307
1193,"350 Technology Dr, Staunton, VA, 24401, USA",38.191925,-79.0104679
1194,"3908 Richmond Rd, Warsaw, VA, 22572, USA",37.9644452,-76.79128779999999
1195,"811 East City Hall Avenue, Norfolk, VA, 23510, USA",36.846157,-76.28456039999999
1196,"145 Fort Collier Rd., Winchester, VA, 22603, USA",39.1998421,-78.1450776
1197,"141 Fort Collier Road, Winchester, VA, 22603, USA",39.19883129999999,-78.1438831
1198,"801 Industrial Park Road, Farmville, VA, 23901, USA",37.3243363,-78.4285541
1199,"1745 Richmond Hwy, Stafford, VA, 22554, USA",38.4068098,-77.42241709999999
1200,"2501 James Madison Boulevard, Virginia Beach, VA, 23456, USA",36.7528158,-76.0614299
1201,"35 Court Street, Middlebury, VT, 05753, USA",44.0115031,-73.16364829999999
1202,"103 South Main Street, Waterbury, VT, 05676, USA",44.33216059999999,-72.754942
1203,"2425 S.200th Street, Seatac, WA, 98198, USA",47.4220704,-122.3014465
1204,"3030 Curry Lane, Green Bay, WI, 54311, USA",44.5224027,-87.9308858
1205,"63 Western Ave, Fond Du Lac, WI, 54935, USA",43.7734167,-88.44935199999999
1206,"446 Greenbag Road, Morgantown, WV, 26501, USA",39.6043797,-79.9500454
1207,"355 Dolan Drive, Augusta, WV, 26704, USA",39.3024474,-78.6470052
1208,"600 W Boxelder Road, Gillette, WY, 82718, USA",44.2774703,-105.5124533
2001,"180 Ted Turner Dr. SW, Suite 522, Atlanta, GA, 30303, USA",33.749609,-84.3973461
2002,"31 Hopkins Plaza, 6th Floor, Baltimore, MD, 21201, USA",39.2879833,-76.616563
2003,"1000 District Avenue, Burlington, MA, 01803, USA",42.4825992,-71.20881349999999
2004,"250 Delaware Avenue, Floor 7, Buffalo, NY, 14202, USA",42.8911691,-78.8769453
2005,"101 W Ida B Wells Drive, Suite 4000, Chicago, IL, 60605, USA",41.87539049999999,-87.6309402
2006,"8101 N. Stemmons Frwy, Dallas, TX, 75247, USA",32.8238894,-96.8720089
2007,"12445 E. Caley Avenue, Centennial, CO, 80111, USA",39.6015038,-104.8449885
2008,"985 Michigan Avenue, Suite 207, Detroit, MI, 48226, USA",42.3310002,-83.05871789999999
2009,"11541 Montana Ave, Suite E, El Paso, TX, 79936, USA",31.80421399999999,-106.2910235
2010,"1717 Zoy Street, Harlingen, TX, 78552, USA",26.1776479,-97.714091
2011,"126 Northpoint Drive, Houston, TX, 77060, USA",29.9375017,-95.40659
2012,"300 North, Los Angeles, CA, 90012, USA",34.053793,-118.2397435
2013,"2805 SW 145th Ave, Miramar, FL, 33027, USA",25.9827432,-80.33946019999999
2014,"181 James Drive W, St. Rose, LA, 70087, USA",29.9857549,-90.2854711
2015,"26 Federal Plaza, 9th Floor, New York, NY, 10278, USA",40.7152635,-74.0037546
2016,"970 Broad St., 11th Floor, Newark, NJ, 07102, USA",40.7304926,-74.1742312
2017,"114 North 8th Street, Philadelphia, PA, 19107, USA",39.9538838,-75.15313019999999
2018,"2035 N. Central Avenue, Phoenix, AZ, 85004, USA",33.4708461,-112.0731981
2019,"2975 Decker Lake Drive, Suite 100, West Valley City, UT, 84119-6096, USA",40.7062912,-111.9461895
2020,"1777 NE Loop 410, Floor 15, San Antonio, TX, 78217, USA",29.517042,-98.4366327
2021,"880 Front Street, #2242, San Diego, CA, 92101, USA",32.7143776,-117.1645829
2022,"630 Sansome Street, Rm 590, San Francisco, CA, 94111, USA",37.7962167,-122.401521
2023,"12500 Tukwila International Boulevard, Seattle, WA, 98168, USA",47.4907997,-122.2914497
2024,"1 Federal Drive, Suite 1601, Fort Snelling, MN, 55111, USA",44.8941668,-93.1948264
2025,"14797 Murdock Street, Chantilly, VA, 20598-5216, USA",38.9114848,-77.45867679999999
2026,"1833 29th Ave S, HOMEWOOD, AL, 35209, USA",33.4792816,-86.7899669
2027,"800 Forrest Avenue, 3rd Floor, Gadsden, AL, 35901, USA",34.015507,-86.01235659999999
2028,"P.O. BOX 1188 2887 N POINT CIRCLE, FAYETTEVILLE, AR, 72701, USA",35.9980929,-94.0899911
2029,"4991 Old Greenwood Rd, FORT SMITH, AR, 72901, USA",35.3354817,-94.3891997
2030,"4501 E Roosevelt Road, Little Rock, AR, 72206, USA",34.7211076,-92.2249691
2031,"100 NORTH STATELINE AVENUE, TEXARKANA, AR, 71854, USA",33.4208569,-94.0431833
2032,"130 N Robson, MESA, AZ, 85204, USA",33.4183833,-111.8375752
2033,"6431 SOUTH COUNTRY CLUB ROAD, TUCSON, AZ, 85706, USA",32.1356653,-110.9248046
2034,"3911 S. PICO AVE., YUMA, AZ, 85365, USA",32.6565319,-114.6117867
2035,"800 TRUXTUN, BAKERSFIELD, CA, 93301, USA",35.3736714,-119.0112192
2036,"733 L STREET, FRESNO, CA, 93721, USA",36.7326978,-119.7856018
2037,"2409 La Brucherie Road, Suite 3, Imperial, CA, 92251, USA",32.8266637,-115.5793027
2038,"34 CIVIC CENTER PLAZA, SANTA ANA, CA, 90701, USA",33.7484501,-117.8749858
2039,"650 CAPITOL MALL, SACRAMENTO, CA, 95814, USA",38.57800230000001,-121.4999684
2040,"655 WEST RIALTO AVENUE, SAN BERNADINO, CA, 92410, USA",34.1006917,-117.2972977
2041,"1887 MONTEREY ROAD, SAN JOSE, CA, 95112, USA",37.3080994,-121.8675044
2042,"22 EAST MARKET STREET, STOCKTON, CA, 95202, USA",37.9512028,-121.2900671
2043,"275 SKYWAY DRIVE, CAMARRILLO, CA, 93010, USA",34.2063593,-119.0772538
2044,"8200, WESTMINSTER, CA, 92683, USA",33.7531536,-118.0010421
2045,"1921 STATE STREET, ALAMOSA, CO, 81101, USA",37.4893878,-105.8597721
2046,"466 TUCKER STREET, CRAIG, CO, 81625, USA",40.5136142,-107.5451612
2047,"32 SHEPPARD DRIVE, DURANGO, CO, 81303, USA",37.2371432,-107.874248
2048,"3770 PURITAN WAY, FREDERICK, CO, 80516, USA",40.08207549999999,-104.9849103
2049,"571 S. COMMERCIAL DRIVE, GRAND JUNCTION, CO, 81501, USA",39.0871873,-108.5858668
2050,"100 MIDLAND AVENUE, GLENWOOD SPRINGS, CO, 81601, USA",39.5582742,-107.3582581
2051,"935 CO-67, FLORENCE, CO, 81226, USA",38.4265663,-105.1156314
2052,"450 MAIN STREET, HARTFORD, CT, 06103, USA",41.7613805,-72.6734969
2053,"1305 MCD DRIVE, DOVER, DE, 19901, USA",39.1536338,-75.4882617
2054,"8860 SALROSE LANE, FORT MYERS, FL, 33912, USA",26.548482,-81.8109453
2055,"4121 SOUTHPOINT BLVD, JACKSONVILLE, FL, 32216, USA",30.2566701,-81.5900041
2056,"CONCOURSE E SATELLITMIAMI INTERNATIONAL, MIAMI, FL, 33299, USA",25.7952677,-80.2834383
2057,"18201 SW 12TH ST, MIAMI, FL, 33194, USA",25.7543477,-80.4891143
2058,"9403 TRADEPORT DRIVE, ORLANDO, FL, 32827, USA",28.4281216,-81.3331197
2059,"3500 SE COMMERCE AVE, STUART, FL, 34997, USA",27.1628237,-80.221999
2060,"1530 COMMONWEALTH BUSINESS BLVD, TALLAHASSEE, FL, 32303, USA",30.4719963,-84.35514119999999
2061,"1201 Orient Rd, TAMPA, FL, 33619, USA",27.959392,-82.3720724
2062,"108 Herman Cortez Ave, Hag̴ṯa, 96910, Guam",13.4760946,144.750006
2063,"595 ALA MOANA BLVD, HONOLULU, HI, 96813, USA",21.2999288,-157.8638944
2064,"53 3rd Ave Bridge, CEDAR RAPIDS, IA, 52401, USA",41.9745858,-91.6691514
2065,"222 5th Ave, DES MOINES, IA, 50301, USA",41.5856411,-93.6236008
2066,"1400 PIERCE STREET, SIOUX CITY, IA, 51101, USA",42.505249,-96.4047597
2067,"1185 S. VINNELL WAY, BOISE, ID, 83709, USA",43.5942506,-116.2875233
2068,"2075 NORTH BOULEVARD, IDAHO FALLS, ID, 83401, USA",43.5147311,-112.0339375
2069,"2496 ADDISON AVENUE EAST, TWIN FALLS, ID, 83301, USA",42.5625826,-114.4338469
2070,"1930 BEACH STREET, BROADVIEW, IL, 60155, USA",41.8680102,-87.8659385
2071,"1317 3RD AVENUE, ROCK ISLAND, IL, 61201, USA",41.509035,-90.580909
2072,"40 S Alabama St, INDIANAPOLIS, IN, 46206, USA",39.7659792,-86.15315729999999
2073,"217 W 3RD ST. NORTH, WICHITA, KS, 67201, USA",37.6912501,-97.3396394
2074,"400 S 6TH STREET, LOUISVILLE, KY, 40202, USA",38.2531573,-85.7608169
2075,"1010 E WHATLEY ROAD, OAKDALE, LA, 71463, USA",30.8310871,-92.6503892
2076,"400 TEXAS STREET, SUITE 900, SHREVEPORT, LA, 71101, USA",32.5136216,-93.7492406
2077,"40 Manson Libby Road, Suite 101, Scarborough, ME, 04074, USA",43.5788489,-70.3604263
2078,"517 OTTAWA AVE NW, GRAND RAPIDS, MI, 49503, USA",42.97265429999999,-85.67052609999999
2079,"2401 W. OLD ROUTE 66, STRAFFORD, MO, 65757, USA",37.2518247,-93.1678639
2080,"1222 SPRUCE STREET, ST. LOUIS, MO, 63101, USA",38.6243789,-90.2003828
2081,"Susupe, SAIPAN, 96950, Northern Mariana Islands",15.1567839,145.7028775
2082,"202 METROPLEX BLVD, PEARL, MS, 39208, USA",32.2902501,-90.0597098
2083,"2900 4TH AVE NORTH, BILLINGS, MT, 59101, USA",45.7836118,-108.5095733
2084,"805 COLLEEN STREET, HELENA, MT, 59601, USA",46.5937137,-111.9724396
2085,"601 E Trade St, CHARLOTTE, NC, 28202, USA",35.2226924,-80.83722440000001
2086,"518 6TH AVE W, HENDERSONVILLE, NC, 28792, USA",35.3187546,-82.467828
2087,"120 Wilkinson Ave, CARY, NC, 27512, USA",35.789774800000004,-78.77960730000001
2088,"124 NORTH 6TH STREET, GRAND FORKS, ND, 58203, USA",47.924267,-97.0353236
2089,"220 N. WALNUT STREET, GRAND ISLAND, NE, 68801, USA",40.9242015,-98.3432364
2090,"300 East 3rd Street, NORTH PLATTE, NE, 69101, USA",41.1345586,-100.7607001
2091,"2323 AVENUE J, OMAHA, NE, 68110, USA",41.2820726,-95.8987599
2092,"811 CANAL STREET, MANCHESTER, NH, 03101, USA",42.9984836,-71.46629639999999
2093,"1720 RANDOLPH ROAD, ALBUQUERQUE, NM, 87106, USA",35.0522552,-106.6270349
2094,"501 S., Las Vegas, NV, 89101, USA",36.1641801,-115.1435135
2095,"911 E Parr Blvd, RENO, NV, 89512, USA",39.5711833,-119.8111143
2096,"1086 TROY-SCHENECTADY RD, LATHAM, NY, 12110, USA",42.7653031,-73.8121646
2097,"250 Delaware Avenue Floor 7, Buffalo, NY, 14202, USA",42.8911691,-78.8769453
2098,"4250 FEDERAL DRIVE, Batavia, NY, USA",43.0201451,-78.2023932
2099,"201 VARICK STREET, NEW YORK, NY, 10014, USA",40.7282753,-74.00556619999999
2100,"9875 Redhill Drive, Blue Ash, OH, 45242, USA",39.2382289,-84.380236
2101,"1240 E. 9TH STREET, ROOM 585, CLEVELAND, OH, 44199, USA",41.5049609,-81.69177239999999
2102,"50 WEST BROAD ST, COLUMBUS, OH, 43215, USA",39.9624569,-83.0021146
2103,"4400 SW 44TH STREET, OKLAHOMA CITY, OK, 73119, USA",35.4236398,-97.5975192
2104,"211 EAST 7TH AVENUE, EUGENE, OR, 97401, USA",44.0524622,-123.0885813
2105,"310 WEST 6TH STREET, MEDFORD, OR, 97501, USA",42.3255106,-122.8772236
2106,"1111 SOUTHWEST 2ND AVENUE, PORTLAND, OR, 97204, USA",45.51504569999999,-122.67631
2107,"3000 SIDNEY ST SUITE 100, PITTSBURGH, PA, 15203, USA",40.4248324,-79.96081099999999
2108,"170 PIKE COUNTY BLVD, HAWLEY, PA, 18428, USA",41.3885184,-75.0724974
2109,"Maleza Baja, Aguadilla, Puerto Rico, Aguadilla 00604Puerto Rico, AGUADILLA, 00603, Puerto Rico",18.4962828,-67.1355075
2110,"7 Cll TabonucoGuaynabo, 00968, GUAYNABO, 00968, Puerto Rico",18.4078569,-66.1074296
2111,"LUIS MUNOZ MARIN IA, SAN JUAN, 00937, Puerto Rico",18.4075321,-66.0730507
2112,"443 Jefferson Blvd North Suite, Warwick, RI, 02886, USA",41.7357562,-71.4411413
2113,"3950 FABER PLACE DR, CHARLESTON, SC, 29705, USA",32.8463863,-80.0199001
2114,"1835 Assembly St, COLUMBIA, SC, 29201, USA",34.0088782,-81.0401775
2115,"501 Pennsylvania Ave, GREER, SC, 29650, USA",34.9393051,-82.24697139999999
2116,"1675 SAMCO ROAD, RAPID CITY, SD, 57702, USA",44.1007278,-103.2667352
2117,"300 EAST 8TH STREET, SIOUX FALLS, SD, 57103, USA",43.5499676,-96.7233919
2118,"3117 Dayton Blvd, CHATTANOOGA, TN, 37450, USA",35.1059466,-85.2986177
2119,"324 Prosperity Drive, Knoxville, TN, 37923, USA",35.9232411,-84.0793813
2120,"842 VIRGINIA RUN COVE, MEMPHIS, TN, 38122, USA",35.1563308,-89.88122030000001
2121,"501 Brick Church Park Drive, Nashville, TN, 37207, USA",36.2251232,-86.7865862
2122,"9100 S Georgia St, Amarillo, TX, 79118, USA",35.115385,-101.8680283
2123,"109 W CORSICANA STREET, ATHENS, TX, 75751, USA",32.2035715,-95.8558275
2124,"300 EAST 8TH STREET, AUSTIN, TX, 78701, USA",30.2693858,-97.7390392
2125,"1701 APRON DRIVE, BIG SPRING, TX, 79720, USA",32.2248668,-101.5140425
2126,"2401 DODSON AVENUE, DEL RIO, TX, 78840, USA",29.3927093,-100.8988898
2127,"11541 Montana Ave Suite E, El Paso, TX, 79936, USA",31.80421399999999,-106.2910235
2128,"1205 TEXAS AVE, SUITE 605, LUBBOCK, TX, 79401, USA",33.5841136,-101.8450548
2129,"4702 EAST SAUNDERS STREET, LAREDO, TX, 78041, USA",27.5292214,-99.447934
2130,"213 Orive Blvd, LOS FRESNOS, TX, 78566, USA",26.0757281,-97.512372
2131,"400 S. MAIN STREET, MIDLAND, TX, 79701, USA",31.994141,-102.0750416
2132,"250 EAST PALMER ROAD, PECOS, TX, 79772, USA",31.4229124,-103.4932293
2133,"1000 S., EL PASO, TX, 79901, USA",31.75103519999999,-106.4868749
2134,"1209 SUNFLOWER LN, ALVARADO, TX, 76009, USA",32.4065312,-97.2116782
2135,"27991 BUENA VISTA BLVD, LOS FRESNOS, TX, 78566, USA",26.1569011,-97.3505561
2136,"3197 EXECUTIVE DR, SAN ANGELO, TX, 76904, USA",31.4215029,-100.4638024
2137,"566 VETERAN DRIVE, PEARSALL, TX, 78061, USA",28.8973835,-99.1187908
2138,"800 FRANKLIN AVENUE, WACO, TX, 76701, USA",31.5532338,-97.1334651
2139,"2487 S. 1620 W., UNIT E., OGDEN, UT, 84401, USA",41.2205835,-112.0191482
2140,"3075 NORTH MAIN, SPANISH FORK, UT, 84660, USA",40.1488668,-111.6597178
2141,"389 N. Industrial Road, Suite 4, St. George, UT, 84770, USA",37.1197342,-113.5534693
2142,"263 Neff Ave., HARRISONBURG, VA, 22801, USA",38.4271142,-78.8495901
2143,"5280 HENNEMAN DRIVE, NORFOLK, VA, 23513, USA",36.87616999999999,-76.2228761
2144,"400 N 8th St, RICHMOND, VA, 23219, USA",37.5429144,-77.4340477
2145,"5500 Veterans Dr, St Thomas 00801, U.S. Virgin Islands, ST. THOMAS, 00801, U.S. Virgin Islands",18.3403438,-64.9265683
2146,"64 GRICEBROOK ROAD, SAINT ALBANS, VT, 05478, USA",44.8014691,-73.0734028
2147,"3701 RIVER ROAD, YAKIMA, WA, 98902, USA",46.6183336,-120.5593593
2148,"310 E. KNAPP STREET, MILWAUKEE, WI, 53201, USA",43.0471532,-87.9080261
2149,"308 W. 21ST STREET, CHEYENNE, WY, 82001, USA",41.1368016,-104.8198764
2150,"150 E. B STREET, CASPER, WY, 82601, USA",42.8523725,-106.3242133
2151,"620 East 10th Avenue, Anchorage, AK, 99501, USA",61.212362,-149.8722992
2152,"500 Interstate Park Drive, Suite 529, Mobile, AL, 36109, USA",32.3621547,-86.2412058
2154,"443 Redcliff Drive, Redding, CA, 96001, USA",40.5749834,-122.3626062
2156,"415 East Pikes Peak Avenue, Colorado Springs, CO, 80903, USA",38.8332903,-104.8172348
2158,"1013 Morgantown Rd, Bowling Green, KY, 42101, USA",36.9886172,-86.48028640000001
2159,"119 W. Naylor Mill Road, Suite 11, Salisbury, MD, 21801, USA",38.4105074,-75.571609
2160,"4431 Endeavor Drive, Duluth, MN, 55802, USA",46.834694,-92.157027
2161,"532 Fellowship Road, Suite A, Mount Laurel, NJ, 08054, USA",39.93274359999999,-74.9576161
2162,"1140 Commerce Drive, Suite B, Las Cruces, NM, 88001, USA",32.3473177,-106.7626739
2163,"500 N. Richardson Avenue, Roswell, NM, 88201, USA",33.3980667,-104.5248121
2164,"237 West Service Road, Room CB 107, Unit 8, Champlain, NY, 12919, USA",45.0068737,-73.4558729
2165,"100 Federal Plaza, Central Islip, NY, 11722, USA",40.7594706,-73.1909642
2166,"15 Governor Drive, Newburgh, NY, 12550, USA",41.5157485,-74.1110231
2167,"401 S. Salina Street, Suite 108, Syracuse, NY, 13202, USA",43.0468521,-76.1516563
2169,"2851 S Reach Rd, Williamsport, PA, 17701, USA",41.2239063,-77.0718055
2170,"1605 Clugston Road, York, PA, 17404, USA",39.9849944,-76.7579657
2171,"9149 State Highway 44, Corpus Christi, TX, 78406, USA",27.7795664,-97.5436123
2173,"2202 Cornerstone Blvd, Edinburg, TX, 78539, USA",26.2639943,-98.1982091
2174,"806 Hilbig Rd, Conroe, TX, 77301, USA",30.3360804,-95.4425066
2175,"8209 Terminal Road, Lorton, VA, 22079, USA",38.732316,-77.1908708
2176,"103 West Main Street, Salem, VA, 24153, USA",37.2923927,-80.06114029999999
2177,"5200 Industrial Pl, Ferndale, WA, 98248, USA",48.82974489999999,-122.5553748
2178,"825 Jadwin Avenue, Room G165, Richland, WA, 99352, USA",46.27814770000001,-119.2763319
2179,"411 W Cataldo Avenue, Spokane, WA, 99201, USA",47.66582,-117.4181833
2180,"3701 River Road, Yakima, WA, 98902, USA",46.6183336,-120.5593593
3001,"3260 Hospital Dr, Juneau, AK, 99801, USA",58.32901640000001,-134.4649168
3002,"1111 E McDowell Rd, Phoenix, AZ, 85006, USA",33.4645789,-112.0575918
3003,"37000 N Gantzel Rd, Queen Creek, AZ, 85140, USA",33.2147536,-111.5657225
3004,"1625 N Campbell Ave, Tucson, AZ, 85719, USA",32.2420374,-110.9474673
3005,"1625 N Campbell Ave, Casa Grande, AZ, 85222, USA",32.8717017,-111.7401931
3006,"1955 W Frye Rd, Chandler, AZ, 85224, USA",33.2972521,-111.8746513
3007,"4545 N Hunt Highway, Florence, AZ, 85132, USA",33.0732497,-111.4854488
3008,"433 E 6th St, Mesa, AZ, 85203, USA",33.4244021,-111.8216455
3009,"1200 Mohave Rd, Parker, AZ, 85344, USA",34.1356245,-114.2856415
3010,"1035 E Jefferson St, Suite B, Phoenix, AZ, 85038, USA",33.4467847,-112.0596069
3011,"1301 South Crismon Road, Mesa, AZ, 85209, USA",33.3909127,-111.6116681
3012,"350 West Thomas Rd, Phoenix, AZ, 85013, USA",33.4827591,-112.0781849
3013,"1601 West Saint Marys Road, Tucson, AZ, 85745, USA",32.2280533,-111.0005869
3014,"2601 E Roosevelt St, Phoenix, AZ, 85008, USA",33.4579723,-112.0273259
3015,"2400 S Avenue A, Yuma, AZ, 85364, USA",32.6830081,-114.635376
3016,"2615 Chester Avenue, Bakersfield, CA, 93301, USA",35.3833744,-119.0206543
3017,"1401 Garces Highway, Delano, CA, 93215, USA",35.7622429,-119.2397059
3018,"1025 S, Anaheim, CA, 92805, USA",33.8196827,-117.9097961
3019,"7050 Parkway Dr, La Mesa, CA, 91942, USA",32.7746292,-117.0441372
3020,"400 N. Pepper Avenue, Colton, CA, 92324, USA",34.075905,-117.3504529
3021,"2500 Alhambra Ave, Martinez, CA, 94553, USA",38.005595,-122.1314871
3022,"2823, Fresno, CA, 93721, USA",36.7337663,-119.7845829
3023,"16850 Bear Valley Road, Victorville, CA, 92395, USA",34.4723252,-117.2973283
3024,"1415 Ross Ave, El Centro, CA, 92243, USA",32.7804445,-115.5690821
3025,"1531 Esplanade, Chico, CA, 95926, USA",39.7418881,-121.8502121
3026,"1700 Mount Vernon Ave, Bakersfield, CA, 93306, USA",35.3830611,-118.9703357
3027,"11234 Anderson Street, Loma Linda, CA, 92354, USA",34.0494119,-117.2634176
3028,"2215 Truxtun Ave, Bakersfield, CA, 93301, USA",35.3727855,-119.0281718
3029,"2175 Rosaline Ave, Redding, CA, 96001, USA",40.5719533,-122.3952328
3030,"420 34th Street, Bakersfield, CA, 93301, USA",35.3920989,-119.0059836
3031,"1400 E Church St, Santa Maria, CA, 93454, USA",34.9512443,-120.4134364
3032,"1001 N Tustin Ave, Santa Ana, CA, 92705, USA",33.7542839,-117.8328006
3033,"38600 Medical Center Dr, Palmdale, CA, 93551, USA",34.5828766,-118.1448173
3034,"2400 East Fourth Street, National City, CA, 91950, USA",32.6853667,-117.0820744
3035,"751 Medical Center Ct, Chula Vista, CA, 91911, USA",32.6185317,-117.0223143
3036,"2309 Antonio Ave., Camarillo, CA, 93010, USA",34.2433758,-119.0201698
3037,"18300 California 18, Apple Valley, CA, 92307, USA",34.5416051,-117.2656827
3038,"1020 29th Street, Sacramento, CA, 95816, USA",38.5728379,-121.4685571
3039,"200 West Arbor Drive, San Diego, CA, 92103, USA",32.7547942,-117.1651563
3040,"200 West Arbor Drive, San Diego, CA, 92103, USA",32.7547942,-117.1651563
3041,"15248 Eleventh Street, Victorville, CA, 92395, USA",34.5278898,-117.2936963
3042,"1720 E Cesar Chavez, Los Angeles, CA, 90033, USA",34.0438298,-118.2010443
3043,"777 Bannock Street, Denver, CO, 80204, USA",39.7271463,-104.9910589
3044,"8565 Poplar Way, Littleton, CO, 80130, USA",39.5626243,-104.9077281
3045,"1375 E 19th Ave, Denver, CO, 80218, USA",39.7464934,-104.9716478
3046,"12605 E 16th Ave, Aurora, CO, 80045, USA",39.7421389,-104.8414821
3047,"4545 North Federal Highway, Fort Lauderdale, FL, 33308, USA",26.1846956,-80.1188678
3048,"1600 South Andrews Avenue, Ft. Lauderdale, FL, 33316, USA",26.1020662,-80.1408675
3049,"11750 S.W. Bird Rd., Miami, FL, 33175, USA",25.7316502,-80.3858652
3050,"159 N 3rd St, Macclenny, FL, 32063, USA",30.2861576,-82.118911
3051,"5757 N Dixie Hwy, Oakland Park, FL, 33334, USA",26.197562,-80.1333591
3052,"1601 E Las Olas Blvd, Fort Lauderdale, FL, 33301, USA",26.1196023,-80.12676359999999
3053,"3625 University Blvd S, Jacksonville, FL, 32216, USA",30.2881451,-81.60152479999999
3054,"1611 N.W. 12th Ave, Miami, FL, 33136, USA",25.7914178,-80.2139509
3055,"39200 Hooker Highway, Belle Glade, FL, 33430, USA",26.7239624,-80.6708383
3056,"1201 N 37th Ave, Hollywood, FL, 33021, USA",26.021173,-80.18005219999999
3057,"6129 SW 70th St, South Miami, FL, 33143, USA",25.7062242,-80.2926781
3058,"3501 Johnson Street, Hollywood, FL, 33021, USA",26.0198943,-80.179918
3059,"3663 S, Miami, FL, 33133, USA",25.7399012,-80.2134032
3060,"201 East Sample Road, Pompano Beach, FL, 33060, USA",26.2767718,-80.12224959999999
3061,"13001 Southern Blvd, Loxahatchee, FL, 33470, USA",26.6841405,-80.25137579999999
3062,"1400 NW 12th Ave, Miami, FL, 33136, USA",25.7884753,-80.21624659999999
3063,"9555 SW 162 Court, Miami, FL, 33196, USA",25.6784467,-80.4554635
3064,"14150 SW 136th St, Miami, FL, 33186, USA",25.6401089,-80.4224253
3065,"80 Jesse Hill Jr Dr SE, Atlanta, GA, 30303, USA",33.7517847,-84.38200719999999
3066,"710 Center St, Columbus, GA, 31901, USA",32.48016,-84.98124
3067,"126 Us-280, Americus, GA, 31719, USA",32.0670059,-84.2560201
3068,"417 W Third Ave, Albany, GA, 31701, USA",31.5906138,-84.1581312
3069,"2122 Manchester Expy, Columbus, GA, 31904, USA",32.5060575,-84.9601335
3070,"850 Gov Carlos G Camacho Rd., Tamuning, 96913, Guam",13.5040272,144.7759866
3071,"640 Ulukahiki St., Kailua, HI, 96734, USA",21.3808543,-157.7577795
3072,"1301 Punchbowl St, Honolulu, HI, 96813, USA",21.3071592,-157.8544368
3073,"800 Mercy Dr, Council Bluffs, IA, 51503, USA",41.26955239999999,-95.8377584
3074,"701 10th St SE, Cedar Rapids, IA, 52403, USA",41.9786119,-91.655388
3075,"1026 A Ave NE, Cedar Rapids, IA, 52402, USA",41.9848799,-91.6614839
3076,"2720 Stone Park Boulevard, Sioux City, IA, 51104, USA",42.5196531,-96.4057392
3077,"3701 Doty St, Woodstock, IL, 60098, USA",42.2761007,-88.4005739
3078,"1211 W Roosevelt Rd, Maywood, IL, 60153, USA",41.8646488,-87.84745509999999
3079,"5841 S Maryland Ave, Chicago, IL, 60637, USA",41.7892944,-87.60399629999999
3080,"1 Ingalls Dr, Harvey, IL, 60426, USA",41.6074558,-87.65960729999999
3081,"720 Eskenazi Avenue, Indianapolis, IN, 46202, USA",39.7770782,-86.184618
3082,"11109 Parkview Plaza Dr, Fort Wayne, IN, 46845, USA",41.18735239999999,-85.1011039
3083,"2200 Randallia Dr, Fort Wayne, IN, 46805, USA",41.0963257,-85.1096805
3084,"1606 N 7th St, Terre Haute, IN, 47804, USA",39.4862419,-87.406651
3085,"8929 Parallel Pkwy, Kansas City, KS, 66112, USA",39.1264492,-94.7867169
3086,"330 Brookline Avenue, Boston, MA, 02215, USA",42.3392473,-71.1055118
3087,"41 Mall Road, Burlington, MA, 01803, USA",42.4836349,-71.2053665
3088,"170 Morton Street, Jamaica Plain, MA, 02130, USA",42.299369,-71.1014022
3089,"55 Fogg Rd, South Weymouth, MA, 02190, USA",42.1761037,-70.9539453
3090,"55 Lake Ave N, Worcester, MA, 01655, USA",42.27525,-71.762338
3091,"22 S Greene St., Baltimore, MD, 21201, USA",39.2880132,-76.6248449
3092,"300 North Ave., Battle Creek, MI, 49017, USA",42.3305988,-85.1772589
3093,"601 John St., Kalamazoo, MI, 49007, USA",42.2871307,-85.5806296
3094,"100 Michigan St NE, Grand Rapids, MI, 49503, USA",42.9697755,-85.66502779999999
3095,"2799 W Grand Blvd, Detroit, MI, 48202, USA",42.36774279999999,-83.0847144
3096,"400 Hobart St, Cadillac, MI, 49601, USA",44.2455135,-85.389763
3097,"1221 Pine Grove Avenue, Port Huron, MI, 48060, USA",42.9869446,-82.4297392
3098,"500 Osborn Blvd, Sault Ste. Marie, MI, 49783, USA",46.49801919999999,-84.35123089999999
3099,"718 N Macomb St, Monroe, MI, 48162, USA",41.9248071,-83.38795309999999
3100,"301 Becker Ave SW, Willmar, MN, 56201, USA",45.1199948,-95.0460933
3101,"730 South 8th Street, Minneapolis, MN, 55415, USA",44.9720069,-93.2618292
3102,"404 W Fountain St, Albert Lea, MN, 56007, USA",43.6525865,-93.3729281
3103,"6401 France Ave S, Edina, MN, 55435, USA",44.88598700000001,-93.326162
3104,"4050, Coon Rapids, MN, 55433, USA",45.1670628,-93.3132624
3105,"1025 Marsh St, Mankato, MN, 56001, USA",44.1637844,-93.9846538
3106,"3801 South National Ave., Springfield, MO, 65807, USA",37.1451467,-93.2796556
3107,"10114 Kennerly Road, Saint Louis, MO, 63128, USA",38.5105271,-90.3813786
3108,"1000 W 10th St, Rolla, MO, 65401, USA",37.9518849,-91.785685
3109,"1178 Hinemlu St, Saipan, Northern Mariana Islands",15.1899978,145.7724085
3110,"1200 S Columbia Rd, Grand Forks, ND, 58201, USA",47.9113441,-97.0691445
3111,"11111 S 84th St, Papillion, NE, 68046, USA",41.1357768,-96.040333
3112,"4350 Dewey Ave, Omaha, NE, 68105, USA",41.2564625,-95.9772379
3113,"789 Central Avenue, Dover, NH, 03820, USA",43.2132323,-70.8742397
3114,"456 Rahway Avenue, Elizabeth, NJ, 07202, USA",40.6568587,-74.2278419
3115,"225 Williamson Street, Elizabeth, NJ, 07207, USA",40.6590765,-74.2141635
3116,"150 Bergen Street, Newark, NJ, 07103, USA",40.7419589,-74.1905087
3117,"1016 E Roosevelt Ave, Grants, NM, 87020, USA",35.162376,-107.8271279
3118,"1100 Central Ave SE, Albuquerque, NM, 87106, USA",35.0817941,-106.6349329
3119,"2211 Lomas Blvd NE, Albuquerque, NM, 87106, USA",35.0891444,-106.6201045
3120,"360 S Lola Ln, Pahrump, NV, 89048, USA",36.2142718,-116.0256814
3121,"1050 W Galleria Dr, Henderson, NV, 89011, USA",36.0725603,-115.0310294
3122,"2375 E Prater Way, Sparks, NV, 89434, USA",39.5415566,-119.698078
3123,"657 N Town Center Dr, Las Vegas, NV, 89144, USA",36.1810228,-115.3176503
3124,"1800 W Charleston Blvd, Las Vegas, NV, 89102, USA",36.160338,-115.1675595
3125,"462 1st Avenue, New York, NY, 10016, USA",40.7388717,-73.9752894
3126,"100 High Street, Buffalo, NY, 14203, USA",42.9005046,-78.8656317
3127,"462 Grider Street, Buffalo, NY, 14215, USA",42.9261978,-78.8334663
3128,"8900 Vanwyck Expressway, Richmond Hill, NY, 11418, USA",40.7000603,-73.81643609999999
3129,"2950 Elmwood Ave, Kenmore, NY, 14217, USA",42.97747349999999,-78.8804759
3130,"6001 Shimer Dr, Lockport, NY, 14094, USA",43.1487102,-78.706462
3131,"2201 Hempstead Turnpike, East Meadow, NY, 11554, USA",40.72761,-73.553812
3132,"707 E Main Syreet, Middletown, NY, 10940, USA",41.4422018,-74.3682382
3134,"1425 Portland Ave, Rochester, NY, 14621, USA",43.1924948,-77.5878398
3137,"301 E Main St, Bay Shore, NY, 11706, USA",40.7256718,-73.2418879
3138,"601 Elmwood Ave, Rochester, NY, 14642, USA",43.1243425,-77.6237015
3139,"33-57 Harrison Street, Johnson City, NY, 13790, USA",42.1144551,-75.95829859999999
3140,"127 North St, Batavia, NY, 14020, USA",43.0048535,-78.1766608
3141,"1555 Long Pond Road, Rochester, NY, 14626, USA",43.1934452,-77.7058598
3142,"45 St Lawrence Dr, Tiffin, OH, 44883, USA",41.1037988,-83.2164181
3143,"1044 Belmont Ave, Youngstown, OH, 44504, USA",41.1142637,-80.65748889999999
3144,"13207 Ravenna Rd, Chardon, OH, 44024, USA",41.5083174,-81.1900965
3145,"710 South 13Th Street, Blackwell, OK, 74631, USA",36.79791960000001,-97.2999387
3146,"5501 N. Portland, Oklahoma City, OK, 73112, USA",35.5261076,-97.5849946
3147,"1900 N 14th St, Ponca City, OK, 74601, USA",36.7247253,-97.068304
3148,"100 N Academy Ave, Danville, PA, 17822, USA",40.9679898,-76.60678349999999
3149,"500 University Dr, Hershey, PA, 17033, USA",40.2639924,-76.6766007
3150,"155 Wellness Way, State College, PA, 16803, USA",40.8191611,-77.8437041
3151,"809 Turnpike Ave, Clearfield, PA, 16830, USA",41.0339866,-78.4501047
3152,"420 S 5th Ave, West Reading, PA, 19611, USA",40.3309317,-75.9510897
3153,"620 Howard Road, Altoona, PA, 16601, USA",40.5218935,-78.39826459999999
3154,"200 Lothrop St, Pittsburgh, PA, 15213, USA",40.4423131,-79.96058819999999
3155,"100 Laurel Avenue, Bayamon, 00956, Puerto Rico",18.3721184,-66.1712278
3156,"455 Toll Gate Rd, Warwick, RI, 02886, USA",41.7062557,-71.4778084
3157,"164 Summit Ave, Providence, RI, 02906, USA",41.8517218,-71.39825619999999
3158,"593 Eddy St, Providence, RI, 02903, USA",41.81129,-71.4084677
3159,"7901 Farrow Road, Columbia, SC, 29203, USA",34.07661770000001,-80.98080999999999
3160,"101 Avenue J, Anson, TX, 79501, USA",32.76800850000001,-99.8949189
3161,"111 Dallas St, San Antonio, TX, 78205, USA",29.4342423,-98.4924692
3162,"3500 Gaston Avenue, Dallas, TX, 75246, USA",32.7890691,-96.7807079
3163,"300 University Blvd, Round Rock, TX, 78665, USA",30.5634516,-97.6853352
3164,"8402 Cross Park Dr, Austin, TX, 78754, USA",30.3380038,-97.6773354
3165,"3500 I-35 Frontage Rd, Belton, TX, 76513, USA",31.020936,-97.4756699
3166,"1201 W Frank Ave, Lufkin, TX, 75904, USA",31.3356949,-94.7432814
3167,"5101 N. O'Connor Blvd, Irving, TX, 75039, USA",32.8700037,-96.9419039
3168,"499 10th St, Floresville, TX, 78114, USA",29.1585864,-98.1749546
3169,"1201 W Frank Ave, Lufkin, TX, 75904, USA",31.3356949,-94.7432814
3170,"10301 Gateway Blvd W, El Paso, TX, 79925, USA",31.7568205,-106.3497222
3171,"1900 Denver Ave, El Paso, TX, 79902, USA",31.7805653,-106.4759383
3172,"1221 N. Cotton, 3rd Floor, El Paso, TX, 79904, USA",31.7837834,-106.4742413
3173,"200 Ih-35 South, Pearsall, TX, 78061, USA",28.89640189999999,-99.1172931
3174,"3101 S Austin Ave, Georgetown, TX, 78626, USA",30.615011,-97.680607
3175,"504 Medical Center Blvd, Conroe, TX, 77304, USA",30.2849346,-95.4677877
3176,"2800 S MacGregor Way, Houston, TX, 77021, USA",29.7122632,-95.3743512
3177,"1504 Taub Loop, Houston, TX, 77030, USA",29.7106853,-95.3929379
3178,"1313 Hermann Dr, Houston, TX, 77004, USA",29.72272,-95.3875427
3179,"5501 S Expressway 71, Harlingen, TX, 78550, USA",26.1818851,-97.7018643
3180,"1900 Pine St, Abilene, TX, 79601, USA",32.4724497,-99.733196
3181,"1500 S Main St, Fort Worth, TX, 76104, USA",32.7266368,-97.3269182
3182,"701 S E 5th St, Knox City, TX, 79529, USA",33.4137684,-99.811273
3183,"5656 Kelley St, Houston, TX, 77026, USA",29.8119001,-95.3122109
3184,"701 McClintic Dr, Groesbeck, TX, 76642, USA",31.5327269,-96.5306436
3185,"1700 E Saunders St, Laredo, TX, 78041, USA",27.532489,-99.478074
3186,"7700 Floyd Curl Dr, San Antonio, TX, 78229, USA",29.5073251,-98.5732504
3187,"1310 McCullough Ave, San Antonio, TX, 78212, USA",29.4411368,-98.4910439
3188,"1635 N Loop West, Houston, TX, 77008, USA",29.811721,-95.430383
3189,"12412 Judson Rd, Live Oak, TX, 78233, USA",29.552293,-98.3482908
3190,"1139 E Sonterra Blvd, San Antonio, TX, 78258, USA",29.6153904,-98.4754024
3191,"6700 I-10 West, San Antonio, TX, 78201, USA",29.4896688,-98.5477253
3192,"400 Rosalind Redfern Grover Parkway, Midland, TX, 79701, USA",31.9970925,-102.0998803
3193,"8026 Floyd Curl Dr, San Antonio, TX, 78229, USA",29.5138459,-98.5762141
3194,"1905 Hwy 97 E, Jourdanton, TX, 78026, USA",28.93331809999999,-98.5260543
3195,"8811 Village Dr, San Antonio, TX, 78217, USA",29.52001419999999,-98.429132
3196,"3349 Us-181, Kenedy, TX, 78119, USA",28.850747899999998,-97.8781836
3198,"5200 Harry Hines Blvd, Dallas, TX, 75235, USA",32.813186,-96.835567
3199,"613 Victoria Ln, Harlingen, TX, 78550, USA",26.1635599,-97.6720119
3200,"1505 8th St, Wichita Falls, TX, 76301, USA",33.9063056,-98.5013548
3201,"1401 Rangerville Rd., Harlingen, TX, 78550, USA",26.1592223,-97.7070494
3202,"1390 Northwestern Drive, El Paso, TX, 79912, USA",31.8798335,-106.5746087
3203,"17200 St Lukes Way, The Woodlands, TX, 77384, USA",30.205401,-95.4585558
3204,"1600 Hospital Pkwy, Bedford, TX, 76022, USA",32.8349475,-97.1243867
3205,"1301 Pennsylvania Ave, Fort Worth, TX, 76104, USA",32.7358137,-97.3389147
3206,"2001 N Oregon St, El Paso, TX, 79902, USA",31.7712403,-106.5001197
3207,"1625 Medical Center Drive, El Paso, TX, 79902, USA",31.7776439,-106.4808963
3208,"7400 Barlite Blvd, San Antonio, TX, 78224, USA",29.3527996,-98.5453115
3209,"4815 Alameda Avenue, El Paso, TX, 79905, USA",31.7713762,-106.4349088
3210,"4502 Medical Drive, San Antonio, TX, 78229, USA",29.5080258,-98.5775019
3211,"2101 Pease St, Harlingen, TX, 78550, USA",26.1741208,-97.6694828
3212,"1920 Atherholt Rd, Lynchburg, VA, 24501, USA",37.4136538,-79.16924259999999
3213,"7101 Jahnke Rd E, Richmond, VA, 23225, USA",37.5161368,-77.52269489999999
3214,"800 Oak St, Farmville, VA, 23901, USA",37.3025986,-78.40404079999999
3215,"16000 Johnston Memorial Drive, Abingdon, VA, 24211, USA",36.7230251,-81.9120435
3216,"1001 Sam Perry Blvd, Fredericksburg, VA, 22401, USA",38.3098885,-77.4845161
3217,"4600 Spotsylvania County Pkwy, Fredericksburg, VA, 22408, USA",38.2173669,-77.4961871
3218,"3000 Coliseum Dr, Hampton, VA, 23666, USA",37.0562483,-76.3904967
3219,"1215 Lee St, Charlottesville, VA, 22908, USA",38.0321985,-78.4982627
3220,"618 Hospital Road, Tappahannock, VA, 22560, USA",37.9012874,-76.8785967
3221,"1201 South Miller Street, Wenatchee, WA, 98807, USA",47.4069677,-120.3214901
3222,"325 9th Ave Main Hospital, Seattle, WA, 98104, USA",47.60438670000001,-122.3239347
3223,"1717 S J St, Tacoma, WA, 98405, USA",47.24535059999999,-122.4485901
3224,"315 Mlk Jr Way, Tacoma, WA, 98405, USA",47.2596251,-122.4528582
3225,"125 Hospital Dr, Watertown, WI, 53098, USA",43.200151,-88.6965991
3226,"2500 Hospital Dr, Martinsburg, WV, 25401, USA",39.4764011,-77.9801921
